<category name="Debt">

<question id="q1">
	<word><![CDATA[     Do you own your own home?    ]]></word>
	<options>
		<option id="o1" value="yes" target="q2" />
		<option id="o2" value="no" target="q5" jump="Housing" />
	</options>
</question>

<question id="q2">
	<word><![CDATA[     Is your home being repossessed because you're behind with mortgage payments?      ]]></word>
	<options>
		<option id="o1" value="yes" target="f1" />
		<option id="o2" value="no" target="q3" />
	</options>
</question>

<question id="q3">
	<word><![CDATA[     Is someone trying to make you bankrupt because you owe them money?      ]]></word>
	<options>
		<option id="o1" value="yes" target="f1" />
		<option id="o2" value="no" target="q4" />
	</options>
</question>

<question id="q4">
	<word><![CDATA[     Is a court ordering you to sell your home to pay a debt?      ]]></word>
	<options>
		<option id="o1" value="yes" target="f1" />
		<option id="o2" value="no" target="r4" />
	</options>
</question>


<!-- BEGIN HOUSING QUESTIONS -->

<question id="q5">
	<word><![CDATA[     Are you at risk of losing your home, or being made homeless?      ]]></word>
	<options>
		<option id="o1" value="yes" target="f5" jump="FINANCIAL ELIGIBILITY 2" />
		<option id="o2" value="no" target="r4" />
	</options>
</question>

<!-- BEGIN FINANCIAL ELIGIBILITY -->

<finance id="f1">
	<word><![CDATA[     Are you or your partner (husband, wife, civil partner or partner you live with) on any of these benefits?:    ]]></word>
	<hint> <![CDATA[    <ul><li>Income Support</li><li>Jobseeker's Allowance (income-based)</li><li>Employment and Support Allowance (income-based)</li><li>Pension Credit - Guarantee Credit</li><li>Universal Credit</li></ul>    ]]></hint>
	<word_done><![CDATA[     Are you or your partner on certain kinds of benefit?    ]]></word_done>
	<options>
		<option id="o1" value="yes" target="f3" />
		<option id="o2" value="no" target="f2" />
	</options>
</finance>

<finance id="f2">
	<word><![CDATA[     Do you and your partner have a combined income of more than &#163;2,657 a month before tax?   ]]></word>
	<hint> <![CDATA[     (If you have more than 4 children, add &#163;222 to the figure above for the 5th and each additional child.)   ]]></hint>
	<options>
		<option id="o1" value="yes" target="r3" />
		<option id="o2" value="no" target="f3" />
	</options>
</finance>

<finance id="f3">
	<word><![CDATA[      Are you or your partner 60 or over?   ]]></word>
	<options>
		<option id="o1" value="yes" target="r1" />
		<option id="o2" value="no" target="f4" />
	</options>
</finance>

<finance id="f4">
	<word><![CDATA[      Do you and your partner have more than &#163;8,000 in savings, shares, investments or property?   ]]></word>
<hint> <![CDATA[     Include any equity you have over &#163;100,000.   ]]></hint>	
<options>
		<option id="o1" value="yes" target="r3" />
		<option id="o2" value="no" target="r1" />
	</options>
</finance>


<!-- BEGIN FINANCIAL ELIGIBILITY 2 -->

<finance id="f5">
	<word><![CDATA[     Are you or your partner (husband, wife, civil partner or a partner you live with) on any of these benefits?:    ]]></word>
	<hint> <![CDATA[    <ul><li>Income Support</li><li>Jobseeker's Allowance (income-based)</li><li>Employment and Support Allowance (income-based)</li><li>Pension Credit - Guarantee Credit</li><li>Universal Credit</li></ul>    ]]></hint>
	<word_done><![CDATA[     Are you or your partner on certain kinds of benefit?    ]]></word_done>
	<options>
		<option id="o1" value="yes" target="f7" />
		<option id="o2" value="no" target="f6" />
	</options>
</finance>

<finance id="f6">
	<word><![CDATA[     Do you and your partner have a combined income of more than &#163;2,657 a month before tax?   ]]></word>
	<hint> <![CDATA[     (If you have more than 4 children, add &#163;222 to the figure above for the 5th and each additional child.)   ]]></hint>
	<options>
		<option id="o1" value="yes" target="r5" />
		<option id="o2" value="no" target="f7" />
	</options>
</finance>

<finance id="f7">
	<word><![CDATA[      Are you or your partner 60 or over?   ]]></word>
	<options>
		<option id="o1" value="yes" target="r2" />
		<option id="o2" value="no" target="f8" />
	</options>
</finance>

<finance id="f8">
	<word><![CDATA[      Do you and your partner have more than &#163;8,000 in savings, shares, investments or property?   ]]></word>
	<options>
		<option id="o1" value="yes" target="r5" />
		<option id="o2" value="no" target="r2" />
	</options>
</finance>


<!-- BEGIN OUTCOMES (DEBT) -->

<outcome id="r1" result="eligible">
	<word>
    <![CDATA[<h2 class="result-title">You may be able to get legal aid to pay for help and advice.</h2>

<p><strong> Contact Civil Legal Advice</strong>
<br><a href="https://claonlineadvice.justice.gov.uk/">Apply online</a></p>

<p><strong>Telephone:</strong> 0845 345 4 345
<br><strong>Text:</strong> 'legalaid' and your name to 80010
<br>Monday to Friday 9am to 8pm
<br>Saturday 9am to 12:30pm
<br><a href="https://www.gov.uk/call-charges">Find out about call charges</a></p>

<p><a href="http://callmeback.justice.gov.uk/">Ask for a free call back</a></p> ]]></word>

</outcome>


<outcome id="r2" postcode="true" result="eligible" category="HOU">
	<word><![CDATA[<h2 class="result-title">You may be able to get legal aid to pay for help and advice.</h2>

<p>Contact a legal adviser or solicitor in your area.</p> ]]></word>
</outcome>

<outcome id="r3" postcode="true" law-society="true" result="not eligible">
	<word><![CDATA[ <h2 class="result-title"> It looks like you won't be able to get legal aid because you don't qualify on financial grounds.</h2>

<p>You may be able to get free help from:</p>

<ul>  
<li> <a href="http://www.nationaldebtline.co.uk">National Debtline</a></li> 
<li> <a href="http://www.stepchange.org">StepChange Debt Charity</a></li> 
<li> <a href="http://www.adviceguide.org.uk">Citizens Advice</a></li>
</ul>

<p>You can also search for a solicitor in your area - you will have to pay for advice.</p>
 ]]></word>
 
</outcome>

<outcome id="r4" postcode="true" law-society="true" result="not eligible">

	<word><![CDATA[ <h2 class="result-title">It looks like you won't be able to get legal aid.</h2>

<p>This is because legal aid doesn't cover your type of problem.*</p>

<p>You may be able to get free help from:</p> 

<ul>  
<li> <a href="http://www.nationaldebtline.co.uk">National Debtline</a></li> 
<li> <a href="http://www.stepchange.org">StepChange Debt Charity</a></li> 
<li> <a href="http://www.adviceguide.org.uk">Citizens Advice</a></li>
</ul>

<p>You can also search for a solicitor in your area - you will have to pay for advice.</p> ]]></word>

<footnote><![CDATA[ <p class="note">*Legal aid is available in exceptional cases. You could seek advice from a legal adviser about whether an application might succeed in your case and how to apply.</p>]]></footnote>
</outcome>

<!-- BEGIN OUTCOMES (HOUSING) -->

<outcome id="r5" postcode="true" law-society="true" result="not eligible">

	<word><![CDATA[ <h2 class="result-title"> It looks like you won't be able to get legal aid because you don't qualify on financial grounds.</h2>

<p>You may be able to get free help from:</p>

<ul>
<li><a href="http://www.shelter.org.uk"> Shelter</a></li>
<li><a href="http://www.adviceguide.org.uk">Citizens Advice</a> </li>
<li><a href="http://www.lawcentres.org.uk/">Law Centres Network</a> </li>
</ul> 

<p>You can also search for a solicitor in your area - you will have to pay for advice.</p> ]]></word>

</outcome>


</category>